{
  "centroids": [
    -0.23762718673095345,
    -0.18079372947217426,
    -0.14176165429673304,
    -0.11024706538276356,
    -0.08279256667309574,
    -0.05774453560525709,
    -0.03413402823112082,
    -0.011296498142743881,
    0.011296498142743881,
    0.03413402823112082,
    0.05774453560525709,
    0.08279256667309574,
    0.11024706538276356,
    0.14176165429673304,
    0.18079372947217426,
    0.23762718673095345
  ],
  "boundaries": [
    -1.0,
    -0.20921045810156386,
    -0.16127769188445365,
    -0.1260043598397483,
    -0.09651981602792965,
    -0.07026855113917642,
    -0.045939281918188954,
    -0.02271526318693235,
    0.0,
    0.02271526318693235,
    0.045939281918188954,
    0.07026855113917642,
    0.09651981602792965,
    0.1260043598397483,
    0.16127769188445365,
    0.20921045810156386,
    1.0
  ],
  "mse_per_coord": 7.277181153812049e-05,
  "mse_total": 0.009314791876879423,
  "d": 128,
  "bits": 4
}